Titre,Type,Lien TMDB (FR),Date et heure
Kafka,Film,https://www.themoviedb.org/movie/2297?language=fr-FR,06/09/2026 23:54
Silo,Série,https://www.themoviedb.org/tv/125988?language=fr-FR,06/09/2026 23:59
Lanterns,Série,https://www.themoviedb.org/tv/95350?language=fr-FR,06/09/2026 23:59
L'Odyssée,Film,https://www.themoviedb.org/movie/1368337?language=fr-FR,06/09/2026 23:59
Dear Zachary: A Letter to a Son About His Father,Film,https://www.themoviedb.org/movie/15584?language=fr-FR,07/09/2026 00:18
The Whisper Man,Film,https://www.themoviedb.org/movie/860508?language=fr-FR,07/09/2026 00:19
Obsession,Film,https://www.themoviedb.org/movie/1339713?language=fr-FR,07/09/2026 00:19
Mayday,Film,https://www.themoviedb.org/movie/1137844?language=fr-FR,07/09/2026 00:19
Toy Story 5,Film,https://www.themoviedb.org/movie/1084244?language=fr-FR,07/09/2026 00:19
